{
    "fields": [
        {
            "metadata": {},
            "name": "match_id",
            "nullable": true,
            "type": "long"
        },
        {
            "metadata": {},
            "name": "barracks_status_dire",
            "nullable": true,
            "type": "long"
        },
        {
            "metadata": {},
            "name": "barracks_status_radiant",
            "nullable": true,
            "type": "long"
        },
        {
            "metadata": {},
            "name": "cluster",
            "nullable": true,
            "type": "long"
        },
        {
            "metadata": {},
            "name": "dire_score",
            "nullable": true,
            "type": "long"
        },
        {
            "metadata": {},
            "name": "dire_team_id",
            "nullable": true,
            "type": "long"
        },
        {
            "metadata": {},
            "name": "duration",
            "nullable": true,
            "type": "long"
        },
        {
            "metadata": {},
            "name": "engine",
            "nullable": true,
            "type": "long"
        },
        {
            "metadata": {},
            "name": "first_blood_time",
            "nullable": true,
            "type": "long"
        },
        {
            "metadata": {},
            "name": "game_mode",
            "nullable": true,
            "type": "long"
        },
        {
            "metadata": {},
            "name": "human_players",
            "nullable": true,
            "type": "long"
        },
        {
            "metadata": {},
            "name": "leagueid",
            "nullable": true,
            "type": "long"
        },
        {
            "metadata": {},
            "name": "lobby_type",
            "nullable": true,
            "type": "long"
        },
        {
            "metadata": {},
            "name": "match_seq_num",
            "nullable": true,
            "type": "long"
        },
        {
            "metadata": {},
            "name": "negative_votes",
            "nullable": true,
            "type": "long"
        },
        {
            "metadata": {},
            "name": "positive_votes",
            "nullable": true,
            "type": "long"
        },
        {
            "metadata": {},
            "name": "radiant_score",
            "nullable": true,
            "type": "long"
        },
        {
            "metadata": {},
            "name": "radiant_team_id",
            "nullable": true,
            "type": "long"
        },
        {
            "metadata": {},
            "name": "radiant_win",
            "nullable": true,
            "type": "boolean"
        },
        {
            "metadata": {},
            "name": "start_time",
            "nullable": true,
            "type": "long"
        },
        {
            "metadata": {},
            "name": "tower_status_dire",
            "nullable": true,
            "type": "long"
        },
        {
            "metadata": {},
            "name": "tower_status_radiant",
            "nullable": true,
            "type": "long"
        },
        {
            "metadata": {},
            "name": "version",
            "nullable": true,
            "type": "long"
        },
        {
            "metadata": {},
            "name": "replay_salt",
            "nullable": true,
            "type": "long"
        },
        {
            "metadata": {},
            "name": "series_id",
            "nullable": true,
            "type": "long"
        },
        {
            "metadata": {},
            "name": "series_type",
            "nullable": true,
            "type": "long"
        },
        {
            "metadata": {},
            "name": "league",
            "nullable": true,
            "type": {
                "fields": [
                    {
                        "metadata": {},
                        "name": "leagueid",
                        "nullable": true,
                        "type": "long"
                    },
                    {
                        "metadata": {},
                        "name": "ticket",
                        "nullable": true,
                        "type": "string"
                    },
                    {
                        "metadata": {},
                        "name": "banner",
                        "nullable": true,
                        "type": "string"
                    },
                    {
                        "metadata": {},
                        "name": "tier",
                        "nullable": true,
                        "type": "string"
                    },
                    {
                        "metadata": {},
                        "name": "name",
                        "nullable": true,
                        "type": "string"
                    }
                ],
                "type": "struct"
            }
        },
        {
            "metadata": {},
            "name": "radiant_team",
            "nullable": true,
            "type": {
                "fields": [
                    {
                        "metadata": {},
                        "name": "team_id",
                        "nullable": true,
                        "type": "long"
                    },
                    {
                        "metadata": {},
                        "name": "name",
                        "nullable": true,
                        "type": "string"
                    },
                    {
                        "metadata": {},
                        "name": "tag",
                        "nullable": true,
                        "type": "string"
                    },
                    {
                        "metadata": {},
                        "name": "logo_url",
                        "nullable": true,
                        "type": "string"
                    }
                ],
                "type": "struct"
            }
        },
        {
            "metadata": {},
            "name": "dire_team",
            "nullable": true,
            "type": {
                "fields": [
                    {
                        "metadata": {},
                        "name": "team_id",
                        "nullable": true,
                        "type": "long"
                    },
                    {
                        "metadata": {},
                        "name": "name",
                        "nullable": true,
                        "type": "string"
                    },
                    {
                        "metadata": {},
                        "name": "tag",
                        "nullable": true,
                        "type": "string"
                    },
                    {
                        "metadata": {},
                        "name": "logo_url",
                        "nullable": true,
                        "type": "string"
                    }
                ],
                "type": "struct"
            }
        },
        {
            "metadata": {},
            "name": "patch",
            "nullable": true,
            "type": "long"
        },
        {
            "metadata": {},
            "name": "region",
            "nullable": true,
            "type": "long"
        },
        {
            "metadata": {},
            "name": "throw",
            "nullable": true,
            "type": "long"
        },
        {
            "metadata": {},
            "name": "loss",
            "nullable": true,
            "type": "long"
        },
        {
            "metadata": {},
            "name": "replay_url",
            "nullable": true,
            "type": "string"
        }
    ],
    "type": "struct"
}