{
    "settings": {
        "timeout_seconds": 0,
        "email_notifications": {},
        "name": "get_pro_matches",
        "schedule": {
            "quartz_cron_expression": "0 0 */6 * * ?",
            "timezone_id": "America/Sao_Paulo",
            "pause_status": "UNPAUSED"
        },
        "max_concurrent_runs": 1,
        "tasks": [
            {
                "job_cluster_key": "get_pro_matches_cluster",
                "notebook_task": {
                    "notebook_path": "/Repos/pipelines/Dotabricks/raw/get_pro_matches_history",
                    "base_parameters": {
                        "mode": "new"
                    }
                },
                "timeout_seconds": 0,
                "email_notifications": {},
                "task_key": "get_pro_matches_new"
            },
            {
                "job_cluster_key": "get_pro_matches_cluster",
                "notebook_task": {
                    "notebook_path": "/Repos/pipelines/Dotabricks/raw/get_pro_matches_details"
                },
                "timeout_seconds": 0,
                "email_notifications": {},
                "task_key": "get_pro_matches_details",
                "depends_on": [
                    {
                        "task_key": "get_pro_matches_new"
                    }
                ]
            },
            {
                "job_cluster_key": "get_pro_matches_cluster",
                "notebook_task": {
                    "notebook_path": "/Repos/pipelines/Dotabricks/raw/process_json_to_parquet",
                    "base_parameters": {
                        "table": "tb_pro_match_player"
                    }
                },
                "timeout_seconds": 0,
                "email_notifications": {},
                "task_key": "tb_pro_match_player",
                "depends_on": [
                    {
                        "task_key": "get_pro_matches_details"
                    }
                ]
            },
            {
                "job_cluster_key": "get_pro_matches_cluster",
                "notebook_task": {
                    "notebook_path": "/Repos/pipelines/Dotabricks/raw/process_json_to_parquet",
                    "base_parameters": {
                        "table": "tb_pro_match"
                    }
                },
                "timeout_seconds": 0,
                "email_notifications": {},
                "task_key": "tb_pro_match",
                "depends_on": [
                    {
                        "task_key": "get_pro_matches_details"
                    }
                ]
            },
            {
                "job_cluster_key": "get_pro_matches_cluster",
                "notebook_task": {
                    "notebook_path": "/Repos/pipelines/Dotabricks/bronze/feature_store/execute_feature_store",
                    "base_parameters": {
                        "dt_start": "{{start_date}}",
                        "dt_stop": "{{start_date}}"
                    }
                },
                "timeout_seconds": 0,
                "email_notifications": {},
                "task_key": "tb_feature_store_player_match",
                "depends_on": [
                    {
                        "task_key": "tb_pro_match_player"
                    }
                ]
            }
        ],
        "job_clusters": [
            {
                "job_cluster_key": "get_pro_matches_cluster",
                "new_cluster": {
                    "cluster_name": "",
                    "spark_version": "10.4.x-scala2.12",
                    "spark_conf": {
                        "spark.databricks.delta.optimizeWrite.enabled": "true",
                        "spark.databricks.delta.autoCompact.enabled": "true",
                        "spark.databricks.cluster.profile": "singleNode",
                        "spark.master": "local[*, 4]"
                    },
                    "aws_attributes": {
                        "ebs_volume_count": 0,
                        "availability": "SPOT_WITH_FALLBACK",
                        "instance_profile_arn": "arn:aws:iam::026209986505:instance-profile/databricks-teomewhy-workspace-stack-access-data-buckets",
                        "first_on_demand": 1,
                        "zone_id": "us-east-1c"
                    },
                    "node_type_id": "m5d.large",
                    "driver_node_type_id": "m5d.large",
                    "custom_tags": {
                        "ResourceClass": "SingleNode"
                    },
                    "num_workers": 0
                }
            }
        ]
    }
}